{"t": [234.00000000001896, 234.05000000001897, 234.10000000001898, 234.150000000019, 234.200000000019, 234.250000000019, 234.30000000001903, 234.35000000001904, 234.40000000001905, 234.45000000001906, 234.50000000001907, 234.55000000001908, 234.6000000000191, 234.6500000000191, 234.70000000001912, 234.75000000001913, 234.80000000001914, 234.85000000001915, 234.90000000001916, 234.95000000001917, 235.00000000001918, 235.0500000000192, 235.1000000000192, 235.15000000001922, 235.20000000001923, 235.25000000001924, 235.30000000001925, 235.35000000001926, 235.40000000001928, 235.4500000000193, 235.5000000000193, 235.5500000000193, 235.60000000001932, 235.65000000001933, 235.70000000001934, 235.75000000001936, 235.80000000001937, 235.85000000001938, 235.9000000000194, 235.9500000000194, 236.0000000000194, 236.05000000001942, 236.10000000001943, 236.15000000001945, 236.20000000001946, 236.25000000001947, 236.30000000001948, 236.3500000000195, 236.4000000000195, 236.45000000001951, 236.50000000001953, 236.55000000001954, 236.60000000001955, 236.65000000001956, 236.70000000001957, 236.75000000001958, 236.8000000000196, 236.8500000000196, 236.90000000001962, 236.95000000001963], "Presion": [-9.797174393178826e-15, 6.27672765822755, 12.514757203218458, 18.675629108472457, 24.721359549995817, 30.614674589207173, 36.31923997916377, 41.799885177275954, 47.02282018339787, 51.95584386641471, 56.56854249492384, 60.83247724800253, 64.72135954999584, 68.21121314832739, 71.28052193506946, 73.91036260090297, 76.0845213036123, 77.78959363181413, 79.01506724761103, 79.75338669865025, 80.0, 79.75338669865023, 79.015067247611, 77.78959363181409, 76.08452130361225, 73.9103626009029, 71.28052193506937, 68.21121314832729, 64.72135954999571, 60.83247724800242, 56.56854249492372, 51.95584386641457, 47.02282018339769, 41.79988517727577, 36.31923997916357, 30.61467458920697, 24.72135954999561, 18.67562910847228, 12.514757203218279, 6.276727658227367, -0.0, -6.2573786016092345, -12.360679774997896, -18.159619989581874, -23.511410091698927, -28.2842712474619, -32.3606797749979, -35.640260967534715, -38.04226065180614, -39.507533623805514, -40.0, -39.50753362380551, -38.04226065180614, -35.640260967534715, -32.3606797749979, -28.284271247461902, -23.51141009169893, -18.15961998958186, -12.3606797749979, -6.257378601609239], "Flujo": [-1.959434878635765e-15, 1.25534553164551, 2.5029514406436917, 3.7351258216944916, 4.944271909999164, 6.122934917841435, 7.263847995832753, 8.359977035455191, 9.404564036679574, 10.391168773282942, 11.313708498984768, 12.166495449600507, 12.944271909999166, 13.642242629665478, 14.256104387013892, 14.782072520180595, 15.21690426072246, 15.557918726362827, 15.803013449522206, 15.95067733973005, 16.0, 15.950677339730046, 15.803013449522199, 15.557918726362818, 15.21690426072245, 14.78207252018058, 14.256104387013874, 13.642242629665459, 12.944271909999143, 12.166495449600484, 11.313708498984743, 10.391168773282914, 9.404564036679538, 8.359977035455154, 7.263847995832714, 6.122934917841394, 4.944271909999122, 3.7351258216944556, 2.5029514406436557, 1.2553455316454734, -0.0, -1.251475720321847, -2.472135954999579, -3.6319239979163744, -4.702282018339785, -5.65685424949238, -6.47213595499958, -7.128052193506942, -7.608452130361228, -7.901506724761102, -8.0, -7.901506724761101, -7.608452130361228, -7.128052193506943, -6.47213595499958, -5.656854249492381, -4.702282018339786, -3.6319239979163718, -2.47213595499958, -1.2514757203218478], "Volumen": [-1.9594348786357652e-14, 12.5534553164551, 25.029514406436917, 37.35125821694491, 49.442719099991635, 61.229349178414346, 72.63847995832754, 83.59977035455191, 94.04564036679574, 103.91168773282942, 113.13708498984768, 121.66495449600507, 129.44271909999168, 136.42242629665478, 142.56104387013892, 147.82072520180594, 152.1690426072246, 155.57918726362826, 158.03013449522206, 159.5067733973005, 160.0, 159.50677339730046, 158.030134495222, 155.57918726362817, 152.1690426072245, 147.8207252018058, 142.56104387013875, 136.42242629665458, 129.44271909999142, 121.66495449600484, 113.13708498984744, 103.91168773282914, 94.04564036679538, 83.59977035455154, 72.63847995832714, 61.22934917841394, 49.44271909999122, 37.35125821694456, 25.029514406436558, 12.553455316454734, -0.0, -12.514757203218469, -24.721359549995793, -36.31923997916375, -47.022820183397855, -56.5685424949238, -64.7213595499958, -71.28052193506943, -76.08452130361228, -79.01506724761103, -80.0, -79.01506724761101, -76.08452130361228, -71.28052193506943, -64.7213595499958, -56.568542494923804, -47.02282018339786, -36.31923997916372, -24.7213595499958, -12.514757203218478], "Ppico": 400, "Pprom": 156, "Ppeep": 235, "Ti": 2.9, "FIO2": 830, "IE": "1:3.34", "Textview": 171, "MVi": 14.600000000000001, "MVe": 14.200000000000001, "VTi": 162, "VTe": 254, "Control mode": 0, "Control volumen": -1060, "Control BPM": -126, "Control IE": "1:3.34", "Control FIO2": 830, "Control PEEP": 235}