{"t": [153.00000000000054, 153.05000000000055, 153.10000000000056, 153.15000000000057, 153.20000000000059, 153.2500000000006, 153.3000000000006, 153.35000000000062, 153.40000000000063, 153.45000000000064, 153.50000000000065, 153.55000000000067, 153.60000000000068, 153.6500000000007, 153.7000000000007, 153.7500000000007, 153.80000000000072, 153.85000000000073, 153.90000000000074, 153.95000000000076, 154.00000000000077, 154.05000000000078, 154.1000000000008, 154.1500000000008, 154.2000000000008, 154.25000000000082, 154.30000000000084, 154.35000000000085, 154.40000000000086, 154.45000000000087, 154.50000000000088, 154.5500000000009, 154.6000000000009, 154.65000000000092, 154.70000000000093, 154.75000000000094, 154.80000000000095, 154.85000000000096, 154.90000000000097, 154.95000000000098, 155.000000000001, 155.050000000001, 155.10000000000102, 155.15000000000103, 155.20000000000104, 155.25000000000105, 155.30000000000106, 155.35000000000107, 155.40000000000109, 155.4500000000011, 155.5000000000011, 155.55000000000112, 155.60000000000113, 155.65000000000114, 155.70000000000115, 155.75000000000117, 155.80000000000118, 155.8500000000012, 155.9000000000012, 155.9500000000012], "Presion": [-9.797174393178826e-15, 6.27672765822755, 12.514757203218458, 18.675629108472457, 24.721359549995817, 30.614674589207173, 36.31923997916377, 41.799885177275954, 47.02282018339787, 51.95584386641471, 56.56854249492384, 60.83247724800253, 64.72135954999584, 68.21121314832739, 71.28052193506946, 73.91036260090297, 76.0845213036123, 77.78959363181413, 79.01506724761103, 79.75338669865025, 80.0, 79.75338669865023, 79.015067247611, 77.78959363181409, 76.08452130361225, 73.9103626009029, 71.28052193506937, 68.21121314832729, 64.72135954999571, 60.83247724800242, 56.56854249492372, 51.95584386641457, 47.02282018339769, 41.79988517727577, 36.31923997916357, 30.61467458920697, 24.72135954999561, 18.67562910847228, 12.514757203218279, 6.276727658227367, -0.0, -6.2573786016092345, -12.360679774997896, -18.159619989581874, -23.511410091698927, -28.2842712474619, -32.3606797749979, -35.640260967534715, -38.04226065180614, -39.507533623805514, -40.0, -39.50753362380551, -38.04226065180614, -35.640260967534715, -32.3606797749979, -28.284271247461902, -23.51141009169893, -18.15961998958186, -12.3606797749979, -6.257378601609239], "Flujo": [-1.959434878635765e-15, 1.25534553164551, 2.5029514406436917, 3.7351258216944916, 4.944271909999164, 6.122934917841435, 7.263847995832753, 8.359977035455191, 9.404564036679574, 10.391168773282942, 11.313708498984768, 12.166495449600507, 12.944271909999166, 13.642242629665478, 14.256104387013892, 14.782072520180595, 15.21690426072246, 15.557918726362827, 15.803013449522206, 15.95067733973005, 16.0, 15.950677339730046, 15.803013449522199, 15.557918726362818, 15.21690426072245, 14.78207252018058, 14.256104387013874, 13.642242629665459, 12.944271909999143, 12.166495449600484, 11.313708498984743, 10.391168773282914, 9.404564036679538, 8.359977035455154, 7.263847995832714, 6.122934917841394, 4.944271909999122, 3.7351258216944556, 2.5029514406436557, 1.2553455316454734, -0.0, -1.251475720321847, -2.472135954999579, -3.6319239979163744, -4.702282018339785, -5.65685424949238, -6.47213595499958, -7.128052193506942, -7.608452130361228, -7.901506724761102, -8.0, -7.901506724761101, -7.608452130361228, -7.128052193506943, -6.47213595499958, -5.656854249492381, -4.702282018339786, -3.6319239979163718, -2.47213595499958, -1.2514757203218478], "Volumen": [-1.9594348786357652e-14, 12.5534553164551, 25.029514406436917, 37.35125821694491, 49.442719099991635, 61.229349178414346, 72.63847995832754, 83.59977035455191, 94.04564036679574, 103.91168773282942, 113.13708498984768, 121.66495449600507, 129.44271909999168, 136.42242629665478, 142.56104387013892, 147.82072520180594, 152.1690426072246, 155.57918726362826, 158.03013449522206, 159.5067733973005, 160.0, 159.50677339730046, 158.030134495222, 155.57918726362817, 152.1690426072245, 147.8207252018058, 142.56104387013875, 136.42242629665458, 129.44271909999142, 121.66495449600484, 113.13708498984744, 103.91168773282914, 94.04564036679538, 83.59977035455154, 72.63847995832714, 61.22934917841394, 49.44271909999122, 37.35125821694456, 25.029514406436558, 12.553455316454734, -0.0, -12.514757203218469, -24.721359549995793, -36.31923997916375, -47.022820183397855, -56.5685424949238, -64.7213595499958, -71.28052193506943, -76.08452130361228, -79.01506724761103, -80.0, -79.01506724761101, -76.08452130361228, -71.28052193506943, -64.7213595499958, -56.568542494923804, -47.02282018339786, -36.31923997916372, -24.7213595499958, -12.514757203218478], "Ppico": 265, "Pprom": 102, "Ppeep": 154, "Ti": 2.09, "FIO2": 560, "IE": "1:2.5300000000000002", "Textview": 117, "MVi": 11.9, "MVe": 11.5, "VTi": 108, "VTe": 173, "Control mode": 1, "Control volumen": -520, "Control BPM": -72, "Control IE": "1:2.5300000000000002", "Control FIO2": 560, "Control PEEP": 154}